text,emotion,sarcastic
aaj result aaya aur main top kiya bahut khush hu yaar,joy,0
mast din tha aaj dosto ke saath bahut maza aaya,joy,0
mujhe job mil gayi finally bahut accha lag raha hai,joy,0
tumhara gift dekh kar dil khush ho gaya thank you,joy,0
kya zabardast match tha india jeet gaya yay,joy,0
bohot din baad family se mila dil se khushi hui,joy,0
birthday party mast thi cake bhi kamaal tha,joy,0
aaj ka weather itna pyara hai mood ekdum fresh,joy,0
meri team ne project jeet liya sab celebrate kar rahe hain,joy,0
tumse baat karke hamesha accha lagta hai yaar,joy,0
finally exam khatam ab full masti 😊,joy,0
selection ho gaya mera papa bahut proud hain,joy,0
yeh gaana sunke mera din ban gaya,joy,0
kitna sundar nazara hai dil khush ho gaya 😍,joy,0
mujhe bahut gussa aa raha hai tumne phir jhooth bola,anger,0
yeh kya bakwas service hai paisa waste kar diya,anger,0
bilkul bardasht nahi hota yeh behavior bhaad me jao,anger,0
tumne mera phone tod diya ab sach me gussa aa gaya 😡,anger,0
kitni baar bola late mat aaya karo irritate mat karo,anger,0
company ne bina bataye nikal diya bahut bura kiya,anger,0
yeh log kabhi sudhrenge nahi dimaag kharab kar diya,anger,0
refund maanga toh bol rahe hain nahi milega bakwas hai,anger,0
traffic me ghanta fasa hu aur upar se horn bajate hain pagal log,anger,0
mere saath dhokha kiya us ne mai kabhi maaf nahi karunga 🤬,anger,0
bahut dukh hua yeh sunke dil toot gaya,sadness,0
akela mehsoos kar raha hu koi samajhta nahi 😢,sadness,0
dadi ki yaad aa rahi hai bahut rona aa raha hai,sadness,0
exam me fail ho gaya sab kuch khatam lag raha hai,sadness,0
dost chhod ke chala gaya ab kuch accha nahi lagta,sadness,0
aaj phir se koi mujhse baat nahi kar raha dukhi hu,sadness,0
bahut miss kar raha hu purane din 💔,sadness,0
mehnat ki par phir bhi result nahi aaya nirash hu,sadness,0
ghar ki bahut yaad aati hai hostel me udaasi hai,sadness,0
uski baatein yaad karke aankhon me aansu aa gaye 😭,sadness,0
mujhe bahut dar lag raha hai kal result hai,fear,0
raat ko akele ghar me awaaz aayi mai kaanp gaya 😱,fear,0
interview ka naam sunke hi pasine chhoot jaate hain,fear,0
doctor ne kaha report aayegi mujhe bahut tension hai,fear,0
andhere me mujhe bahut darr lagta hai yaar,fear,0
kya hoga agar main fail ho gaya soch ke ghabrahat ho rahi hai 😰,fear,0
exam hall me ghusne se pehle haath kaanp rahe the,fear,0
bike se gir gaya tha ab sadak par jaane se darr lagta hai,fear,0
kisi ne peeche se aawaz di aur mera dil dhak se reh gaya,fear,0
placement ka pressure hai neend nahi aati dar lagta hai,fear,0
waah kya baat hai ghanta bhar late aaye ho bahut accha kiya 🙄,anger,1
wah bahut zabardast service hai teen hafte se parcel nahi aaya,anger,1
oh great phir se bijli chali gayi kya kamaal system hai,anger,1
bilkul sahi kaha tumne sirf tum hi sab kuch jaante ho 🙄,anger,1
kya mast manager hai kaam sab ham karte hain credit unka,anger,1
waah bhai waah mera phone gir gaya aur tumne hasna shuru kar diya,anger,1
bahut accha laga jab sabke saamne meri beizzati hui,anger,1
kya baat hai exam ke ek din pehle syllabus change kar diya waah,anger,1
zabardast idea hai yaar jisse sab kuch aur kharab ho jayega,anger,1
haan haan tum toh bohot imaandar ho jhooth bolna kabhi nahi aata 🙃,anger,1
wah kya kismat hai mera hi number ke din network gaya,sadness,1
bahut maza aaya akele birthday manaya sabne bhula diya 🙄,sadness,1
kya khushi ki baat hai fail hone ke baad sabne taane diye,sadness,1
waah majaa aa gaya friends ne call bhi nahi kiya mere birthday pe,sadness,1
kitna accha lagta hai jab koi tumhe sunta hi nahi,sadness,1
oh nice phir se rejected kya baat hai meri kismat ki 😒,sadness,1
waah kya timing hai result aane se pehle hi teacher ne daant diya 😅,fear,1
bahut maza aayega kal viva hai aur kuch aata hi nahi hai,fear,1
yaar kya mast plan hai raat ke teen baje akele jungle me jaana,fear,1
kamaal hai manager ne kaha kal meeting hai performance review ki waah,fear,1
bohot acchi baat hai doctor ne kaha ek aur test karwana padega,fear,1
sach me tumse milke bahut khushi hui ab kabhi mat milna 🙄,anger,1
bahut shukriya mere kaam ka credit lene ke liye bohot kamaal ho tum,anger,1
wah beta wah aise hi fail hote raho,anger,1
